Title,Page Count
React and React Native,485
"React Quickly, Second Edition",454
React Js,142
React and React Native,505
React JS,0
Fullstack React,836
Learning React,310
Pro React,308
ReactJS by Example - Building Modern Web Applications with React,280
Getting Started with React,212
Mastering React,254
React.JS Question Bank,116
React Explained,304
Pro React 16,750
Thinking in React - Beginner friendly In-depth guide for React Mastery,153
Introduction to React,141
Learning React Native,242
"React Quickly, Second Edition",454
Learning React,350
Beginning React,90
Fluent React,0
Learning React,0
Beginning React with Hooks,122
Professional Git,487
Mastering React.js,0
React,206
Functional React,224
ASP.NET Core 5 and React,568
React. Js Book,117
Your First Week With React,128
"Full-Stack React, TypeScript, and Node",648
React Cookbook,500
React Quickly,794
Micro State Management with React Hooks,254
Redux in Action,463
Isomorphic Web Applications,0
Building Large Scale Web Apps,306
ASP.NET Core 3 and React,598
React in Action,498
Alkali-aggregate Reaction in Concrete Roads and Bridges,182
The Road to Firebase,305
5 Practical React Projects,140
Test-Driven React,247
React in Action,498
Beginning React (incl. Redux and React Hooks),164
Practical Introduction to React.js,Not available
React.js Essentials,208
React for Real,0
React and Libraries,Not available
Triggers,303
React Hooks in Action,374
The Road to GraphQL,396
Full Stack Quarkus and React,324
React Native for Mobile Development,235
Mastering React Native,490
Beginning ReactJS Foundations Building User Interfaces with ReactJS,726
Practical Enterprise React,Not available
Hands-On Full-Stack Web Development with GraphQL and React,450
Learn React Hooks,415
Strategies and Solutions to Advanced Organic Reaction Mechanisms,884
Geochemical and Biogeochemical Reaction Modeling,564
React Projects,465
Chemical Reaction Engineering,578
Progressive Web Apps with React,302
React Design Patterns and Best Practices,0
Full-Stack React Projects,706
Taming the State in React,360
Enterprise React Development with UmiJS,198
React 17 Design Patterns and Best Practices,381
Developing a React Edge,Not available
Building React Apps with Server-Side Rendering,202
React Deep Dive,324
Express in Action,0
Learning React Js,108
Test-Driven Development with Python,622
React Native in Action,497
React: Cross-Platform Application Development with React Native,183
Functional Architecture with React and Redux,148
Simplify Testing with React Testing Library,246
Hands-On Full Stack Development with Go,324
Dynamic Trio,0
Organic Reaction Mechanisms,508
Getting Started with React Native,172
Beginning React and Firebase,184
Fullstack React Native,690
Silent Spring,404
Hands-On Design Patterns with React Native,297
Integrating D3.js with React,365
React 16 Tooling,289
Learn React with TypeScript 3,502
React: Ecosystems,Not available
.Net Knowledge Book,Not available
React Cookbook,569
Frontend Development 101 2024,0
Stochastic Modelling of Reaction-Diffusion Processes,321
Rules for Radicals,226
"Modern Front-End Development for Rails, Second Edition",375
Spatial Ecology via Reaction-Diffusion Equations,428
Balancing a Chemisal Reaction (Step-by-Step Handout),2
The Polymerase Chain Reaction,464
Small-Scale Synthesis of Laboratory Reagents with Reaction Modeling,230
Inorganic and Organometallic Reaction Mechanisms,327
Mexico's Illicit Drug Networks and the State Reaction,209
The Wassermann reaction,144
Full-Stack React Projects,460
Essentials of CSS for React Developers,Not available
Watts' Dictionary of Chemistry,884
Mind and Body,650
React Router Quick Start Guide,156
Functional Diagnosis,232
Chemical Abstracts,1730
Madame Bovary,514
Experiment Station Record,1118
Learning Patterns,436
Modern Front-End Development for Rails,501
University of Iowa Studies in Psychology,422
Build a Realtime App with React Hooks and GraphQL,Not available
Technical Manual of the American Association of Textile Chemists and Colorists,826
JavaScript: The Definitive Guide,707
React: Managing Complex Interactions,Not available
Report,606
React Native in Action,497
Survivejs - Webpack and React,284
MODERN FULL-STACK DEVELOPMENT,0
Testing JavaScript Applications,510
A Dictionary of Applied Chemistry,814
An Experimental Investigation of Chemical Reaction Between Propellant Tank Material and Rocket Fuels Or Oxidizers when Impacted by Small High-velocity Projectiles,48
"Web Programming with HTML, CSS, Bootstrap, JavaScript, React.JS, PHP, and MySQL Fourth Edition",0
Chemical News and Journal of Industrial Science,666
Spring Boot with React and AWS,0
Estimation of the Time Since Death,292
SurviveJS - Webpack 5,338
Do Not React,169
The Chemical News,668
Learning React VR.,Not available
React Applications with GraphQL Data Management Under the Serverless Paradigm,Not available
Visual-motor Performance in the Reproduction of Geometric Figures as a Developmental Phenomenon in Children,544
Gut Reaction,0
Monographic Medicine: Functional pathology of internal diseases,724
Getting Started with React VR,287
"Eloquent JavaScript, 3rd Edition",474
"Soviet Research on Organo Phosphorus Compounds, 1957-1958",502
Legislative Documents,1694
CDC Yellow Book 2018: Health Information for International Travel,705
React: Cloud-Powered Apps with Firebase,0
New International Encyclopedia,926
The New International Encyclopædia,920
Report,1058
Journal of the Chemical Society,1316
"Transactions of the Sixth International Congress on Tuberculosis. Washington, September 28 to October 5, 1908: pt. 2 Proceedings of Section II: Clinical study and therapy of tuberculosis, sanatoria, hospitals, and dispensaries",640
Charlotte Medical Journal,472
The Journal of Infectious Diseases,536
The Year Book of Medicine,428
React,308
I'm Glad My Mom Died,320
"Collected Studies from the Department of Pathology and Bacteriology, University of Illinois College of Medicine",312
International Record of Medicine and General Practice Clinics,912
Beginning Node.js,297
Atomic Kotlin,636
Programming TypeScript,324
The Boston Medical and Surgical Journal,998
Monthly Bulletin,596
The Journal of Experimental Medicine,974
Electrochemistry of Organic Compounds,330
Collected Contributions,658
The American Journal of Clinical Medicine,1500
The Archives of Diagnosis,366
Chemical Abstracts,1258
American Medico-surgical Bulletin,1178
The Elementary Principles of Mechanics: Kinetics. 1895,326
Transactions of the Section on Pathology and Physiology of the American Medical Association at the ... Annual Session,232
The Illinois Medical Journal,790
Annual Report of the Secretary of the State Board of Agriculture ... and ... Annual Report of the Experimental Station ...,552
The Journal of Medical Research,556
Technical Bulletin - Michigan Agricultural Experiment Station (East Lansing).,806
Annual Report of the Agricultural Experiment Station of the State Agricultural College of Michigan for the Year Ending June 30,550
"Reverse Acronyms, Initialisms, & Abbreviations Dictionary",792
Journal of Comparative Pathology and Therapeutics,428
Machinery's Encyclopedia,590
Simplifying JavaScript,0
Chemical Engineer,546
The Journal of Industrial and Engineering Chemistry,544
Cloud Native Go,Not available
West Virginia Medical Journal,492
Canadian Journal of Chemistry,1114
The Encyclopaedia Britannica,922
Learning Web App Development,305
Industrial and Manufacturing Chemistry,526
Journal of the American Medical Association,1128
React Native By Example,408
The Lancet,364
Scientific American,894
Quarterly Reviews -- Chemical Society,428
Therapeutic Gazette,938
Medical News and Abstract,886
Patents Abstracts of Japan,906
I Am Malala,320
Science of Synthesis: Houben-Weyl Methods of Molecular Transformations Vol. 8a,1574
Dengue,159
Diagnostic and Statistical Manual of Mental Disorders (DSM-5),Not available
Gabbard's Treatments of Psychiatric Disorders,1250
React Native for iOS Development,179
The Diazo Reaction of Bilirubin and Bilirubin Diglucuronide,98
JavaScript Patterns,236
Learning JavaScript Design Patterns,247
Abstracts of World Medicine,646
Biennial Report,22
Comprehensive Documentation of Driver (DRACR) and Passenger (PAC) Computer Models. User's Manual. Final Report,144
"Beginning Node.js, Express & MongoDB Development",152
Medical Times,588
Learning Redux,365
Clinical Allergy,650
Ion-molecule Reactions,408
Annual Report,302
Chem Prin/React Ssm,418
Atomic Design,Not available
Effective TypeScript,264
Understanding the DOM — Document Object Model,110
"The Mirror Charge Exchange Reaction −p13−sC(−p13−sN,−p13−sC)−p13−sN",210
The Reaction of the Grignard Reagent with Dioxane,116
SOME ASPECTS OF THE KAHN REACTION WITH ANIMAL SERA AND NONSYPHILITIC HUMAN SERA.,550
A Study of the Kinetics of the Reaction of P- Substituted W- Diazoacetophenones with Acetic Acid,248
The Reaction of Sodium Alkoxides with Trichloroacetonitrile,38
Materials in Design Engineering,912
Psychological Monographs,536
New Paths of Sport Learning and Excellence,124
"The Journal of Gas Lighting, Water Supply & Sanitary Improvement",970
Fire Protection Handbook,2224
Plenary Meeting of the Council,424
Mining Engineers' Handbook,2548
Изучаем React,Not available
React. Js Succinctly,102
Outline of General Psychology,494
Intl Adver React Surveill(R+)F,189
R Programming for Data Science,0
Dominion Experimental Farms in ...,964
Designing Applications with Spring Boot 2.2 and React JS,422
JavaScript Everywhere,344
Head First Design Patterns,694
Medical Record,1214
"Waterworks Handbook of Design, Construction and Operation",898
Programming Rust,738
Full Stack Serverless,184
The Encyclopaedia Britannica,1016
DOM Enlightenment,180
Rubber Journal,826
Beginning React with Hooks,124
Learning Web Development with React and Bootstrap,278
Pro MERN Stack,335
React學習指南,Not available
British Chemical and Physiological Abstracts,690
Mastering Full Stack React Web Development,388
JavaScript Enlightenment,167
Building Design Systems,154
The American Journal of Syphilis,820
Read & React Update Romaner Med Ordlista,Not available
Middleton's Allergy,1052
Scientific Canadian Mechanics' Magazine and Patent Office Record,2162
Classical Analysis,912
Chemical Engineering Division Summary Report,254
Journal of the National Cancer Institute,698
Pamphlets and Reprints,Not available
React Design Patterns and Best Practices,338
Modern Full-Stack Development,384
Alternating currents,482
Functional React,0
Object-Oriented JavaScript,529
British Journal of Venereal Diseases,280
Journal of the Electrochemical Society,1430
Canadian Journal of Botany,876
Transactions of the American Institute of Mining and Metallurgical Engineers,600
The Analysis of Fuel Gas,46
The JHipster Mini-Book,174
Blood Groups and Red Cell Antigens,Not available
JavaScript Cookbook,556
Birmingham University Chemical Engineer,668
Abstracts of Papers,784
Basic Open Hearth Steelmaking,664
C# 10 and .NET 6 – Modern Cross-Platform Development,825
The Physical Chemistry of Igneous Rock Formation,104
Archives of Internal Medicine,956
Physics Briefs,1248
Simulators International XIV,304
Discover Functional JavaScript,159
Monthly Bulletin,320
Technical Report,352
Thermodynamics,264
Journal of Scientific & Industrial Research,424
Science,796
Selected Practice Recommendations for Contraceptive Use,144
The Biochemical Journal,838
Progress in Reaction Kinetics,315
Journal of Applied Chemistry of the USSR.,934
Proceedings of the Royal Society of London,732
Journal,1192
The Onderstepoort Journal of Veterinary Science and Animal Industry,1058
American Journal of Syphilis and Neurology,852
"Veterinary Work in the Netherlands, 1953",280
Sajous's Analytic Cyclopedia of Practical Medicine,854
"Proceedings of the National Science Council, Republic of China",712
Energy and Technology Review,448
Can't Hurt Me,386
"Proceedings, Annual Meeting of the United States Livestock Sanitary Association",354
Rapid Application Development with AWS Amplify,344
Practical Node.js,288
International Medical and Surgical Survey,1352
Global and Regional Estimates of Violence Against Women,58
Technical Papers,476
Journal of the Institution of Petroleum Technologists,1992
The Maillard Reaction,227
Leaflet Series,644
Physiological Reviews,666
Some Reactions of Carbon Disulphide,200
Exo-/astro-biology,474
"Learning PHP, MySQL, JavaScript, and CSS",587
Physiologia Bohemoslovenica,1278
"Node.js, MongoDB, React, React Native Full-Stack Fundamentals and Beyond",394
Crossing,208
High Performance JavaScript,234
Tst Win/Mac-Chem/React,Not available
Crossing,208
Teach Your Kids to Code,336
"Practical bacteriology, hematology, and parasitology. v. 6, 1920",660
Geochemical and Biogeochemical Reaction Modeling,525
Standardization of Potassium Permanganate Solution by Sodium Oxalate,32
생활코딩! React 리액트 프로그래밍 (개정판),276
Node. Js Beyond the Basics,140
New York State Journal of Medicine,1382
Metallurgia,848
Ei React of Sulph and Rel Tr37F,9
Friedel-Crafts Alkylation Chemistry,808
Southern Medical Journal,912
CPE,998
Catalytic Coal Gasification,66
Annual Report of the Commonwealth Scientific & Industrial Research Organization,652
Records of the Proceedings and Printed Papers of the Parliament,870
Don't Blow the Interview,176
Advanced Web Development with React,184
ASP.NET Core 5 and Angular,747
Advanced Problems in Organic Reaction Mechanisms,178
Learn React. Js by Building Games,266
Army Ordnance,464
Bulletin of Hygiene,1114
Web Development with Node and Express,331
Engineers' Digest,1044
Forecasting in Mathematics,156
Petroleum Times,1192
Neural Networks in Chemical Reaction Dynamics,303
Extraction Chromatography,565
SCI & TECH TRIBUTYL PHOSP SYNTH PROP REACT ANALYS,360
Biological Abstracts,1570
Journal of the Society of Chemical Industry,514
Software Architecture with C# 9 and .NET 5 - Second Edition,700
Modern JavaScript for the Impatient,0
Node.js Design Patterns,661
Ng-Book,Not available
Foundations of Chemical Reaction Network Theory,475
Chemical Reaction Engineering,270
Electrophilic Halogenation,252
Optometric Weekly,342
The National Provisioner,1156
The Kite Runner,72
"Heart, Smarts, Guts, and Luck",256
40 Algorithms Every Programmer Should Know,382
The Encyclopædia Britannica,1122
Reverse Osmosis Process,16
Name Reactions in Organic Chemistry,296
Node.js Design Patterns,520
A Smarter Way to Learn JavaScript,204
Ng-Book,626
Full Stack JavaScript,208
Understanding Organic Reaction Mechanisms,324
PHP in a Nutshell,373
The Mayo Clinic Book of Home Remedies,0
Modern Trends in Chemical Reaction Dynamics,653
Scaling Analysis in Modeling Transport and Reaction Processes,576
Artificial Intelligence with Python,437
The Biology of Reaction Wood,281
The Journal of Industry & Trade,498
User's Guide to PHREEQC,164
Proceedings,400
Inorganic and Organometallic Reaction Mechanisms,336
Action and Reaction in World Politics,346
Zanarini Rating Scale for Borderline Personality Disorder (ZAN-BPD),0
Proceedings of the National Academy of Sciences of the United States of America,1204
Life is 10% what Happens to You and 90% how You React to It.,122
Beginning MERN Stack,160
Cats React to Dinosaur Facts,0
Chemical Engineering Abstracts,656
Python Distilled,0
Software Engineering at Google,602
Newton's Principia,0
Medical Eligibility Criteria for Contraceptive Use,130
Tandem Organic Reactions,516
"Centralization?, Decentralization?",37
ASP.NET Core 3 and React,585
基礎から学ぶReact Native入門,170
Mayo Clinic On Arthritis,204
Practical Test-Driven Development Using C# 7,442
API Design Patterns,478
Chemical Kinetics and Inorganic Reaction Mechanisms,361
The Life of a Hybrid,236
How Will You Measure Your Life? (Harvard Business Review Classics),26
Inorganic Reaction Mechanisms,112
"Reaction Theory of New Atomic Physics, NAP",258
"It's Not What Happens to You, But How You React to It That Matters",108
An An Atypical ASP.NET Core 5 Design Patterns Guide,762
How Do Investors React when Corporate Social Responsibility Initiatives End?,46
Reaction Rates of Isotopic Molecules,360
Life Is 10% What Happens to Me and 90% How I React. -John Maxwell,154
Photosynthetic Reaction Center,447
SQL Practice Problems,118
Sir Isaac Newton's Mathematical Principles of Natural Philosophy and His System of the World,714
It Ends With You,0
Cracking the Coding Interview,0
Building React. Js Applications with Redux,0
Fingerprinting Methods Based on Arbitrarily Primed PCR,435
PCR Applications,566
Inorganic Reaction Mechanisms,450
Reaction Mechanisms of Metal Complexes,184
The Maillard Reaction in Food Chemistry,84
An Evening Or Trying Not to Over-React,0
Biophotonics and Healing,130
The Interaction of Enzymes,80
Reaction Injection Molding and Fast Polymerization Reactions,316
"Detailed Diagnoses and Procedures, National Hospital Discharge Survey",Not available
Move Or Die: How Plants and Animals React to Changing Environments Ecology Books Grade 3 Children's Environment Books,72
New Trends in Kramers’ Reaction Rate Theory,274
The Rusting of Iron,66
Micro Reaction Technology in Organic Synthesis,462
The Facebook Effect,386
March's Advanced Organic Chemistry,2379
Deploy Empathy,Not available
JavaScript: The Good Parts,174
Flutter Cookbook,639
The Mosquitoes in Our Mind,114
Overcome,206
Heterogeneous Reactions: Fluid-fluid-solid reactions,408
"Attention, Arousal, and the Orientation Reaction",138
NATO Response Force,8
Organic Reaction Mechanisms 1982,570
Conducting Reaction Time Research in Second Language Studies,0
Functional Programming in JavaScript,162
Responding to Hate,126
Rust in Action,454
Spring: Developing Java Applications for the Enterprise,1023
Chemical Kinetics and Reaction Dynamics,256
How are Firms Affected by the Crisis and how Do They React?,Not available
Practical FP in Scala,Not available
Reaction Mechanisms of Inorganic and Organometallic Systems,371
Reaction Explorer,Not available
Drupal 7 Explained,480
Crystallization Processes,232
Oxygen Reduction Reaction,522
React Hooks enterprise development in action,0
Determination of Organic Reaction Mechanisms,280
Progressive Web Apps,441
GraphQL in Action,382
Joomla!® 3 Explained,444
So You Think You Have No Power? Think Again,8
The Joy of JavaScript,358
Essentials of Chemical Reaction Engineering,708
Mayo Clinic on Arthritis,208
SPA Design and Architecture,275
"Functional React, 2nd Edition",158
Basic and Clinical Endocrinology Up-to-Date,362
ASP.NET Core 5 for Beginners,603
Learning Algorithms Through Programming and Puzzle Solving,Not available
You Don't Know JS: ES6 & Beyond,278
The Cathode-ray Tube,344
User Innovation in Healthcare,99
C# 9 and .NET 5 – Modern Cross-Platform Development,823
Zombie Apocalypse Guide,43
Chemical Reaction Engineering,600
Fullstack Vue,442
Cavitation Reaction Engineering,352
Tattooed Bodies,365
Elements of Chemical Reaction Engineering,880
"HBR's 10 Must Reads on Emotional Intelligence (with featured article ""What Makes a Leader?"" by Daniel Goleman)(HBR's 10 Must Reads)",177
Multicomponent Reactions,523
Elements of Chemical Reaction Engineering,880
"HBR's 10 Must Reads on Emotional Intelligence (with featured article ""What Makes a Leader?"" by Daniel Goleman)(HBR's 10 Must Reads)",177
Multicomponent Reactions,523
Cooking as a Chemical Reaction,392
Biotechnology to Combat COVID-19,Not available
Non-formal Kinetics,220
Fitzpatrick's dermatology in general medicine,Not available
Inorganic Reaction Mechanisms,212
"Getting MEAN with Mongo, Express, Angular, and Node",0
Transformation and Reaction,260
React Native Cookbook,173
Do Investors Under-React to ROE?,72
Full Stack AngularJS for Java Developers,197
Complex Chemical Reaction Systems,430
Sex Education,0
Vue - The Road To Enterprise,339
Organic Reaction Mechanisms 2014,1024
Multiple Component Pricing of Milk,44
ReAct Employer Recruitment Support 26 Week Claim Form,8
Cutting Edge Robotics,0
Ansible for DevOps,452
Principles of Adsorption and Reaction on Solid Surfaces,834
Democracy and Reaction - Scholar's Choice Edition,254
"How to React to Trends in the Fruit and Vegetable Sector, in South-East Asia",113
Do Not Learn How to React. Learn How to Respond,110
"Reaction and Reconstruction in English Politics, 1832 to 1852",227
Ceramic Membranes for Separation and Reaction,316
Instant Kendo UI Mobile,139
Sleep Characteristics,102
"Cross-platform Desktop Application Development: Electron, Node, NW.js, and React",300
Monetary Policy and Sectoral Shocks,36
React Native Cookbook,583
Screening for Methicillin-Resistant Staphylococcus Aureus (MRSA),0
World malaria report 2017,0
Relative Effectiveness of Agricultural Countermeasure Techniques,319
Ng-book,0
Spring in Action,520
Grasping the Thistle,254
Elements of Chemical Reaction Engineering,Not available
Life Is 10% What Happens to You and 90% How You React,224
Elements of Chemical Reaction Engineering,Not available
Reaction Mechanisms in Inorganic Chemistry,393
Shock Waves and Reaction—Diffusion Equations,0
A Cycle of Outrage,273
Use Your Power,2
The Accidental Billionaires,274
Variational Convergence And Stochastic Homogenization Of Nonlinear Reaction-diffusion Problems,321
"Is pokkenvaccinatie bij de zeer jonge zuigeling doeltreffend? Will young babies react effectively to vaccination against smallpox? With a summary in English. Proefschrift, etc",61
ASP.NET Core Application Development,1006
Layer-Adapted Meshes for Reaction-Convection-Diffusion Problems,340
"Chemotaxis, Reaction, Network",0
THE USE OF CERTAIN KETONIC COMPOUNDS IN THE MANNICH REACTION.,198
Fermentation Biotechnology,310
Writing Today,736
Minor Delinquency as Resistance,180
Design of Autoreaction,192
Spring Microservices in Action,443
Get Programming with JavaScript,625
Outpatient Psychiatric Clinics Annual Statistical Report,106
Understanding Change,48
Designing Forms which React to a Pattern of Public and Private Uses,79
Alien Abduction!,20
"Responsive Web Design with HTML5 and CSS, Third Edition",408
Life Is 10% What Happens to You and 90% How You React to It,202
"Rome, Reform and Reaction",248
How Do Investors and Firms React to an Unexpected Currency Appreciation Shock?,Not available
Gas Phase Chemical Reaction Systems,0
The Art of Unit Testing,292
Clean Code in C#,487
"Deviance, Action, Reaction, Interaction",472
Reaction To Multiple Stimuli,78
Nonlinear Reaction-Diffusion-Conviction Equations,238
Stock Price Reaction to Earnings Information,167
Development of the KfK NET toroidal field coil react and wind conductor,102
Spring Live,1148
"The Manchurian Crisis, 1931 and 1932",384
National Adverse Drug Reaction Directory,296
Does the Japanese Stock Market React Differently to Public Security Offering Announcements Than the U.S. Stock Market?,29
Functional Cerebral SPECT and PET Imaging,474
Serum Diagnosis of Syphilis and Luetin Reaction,342
Functional Cerebral SPECT and PET Imaging,474
Firebase Cookbook,288
Experimental Thermochemistry,354
Educated,0
What Do Mothers Recognize as and how Do They React Toward the Post-hospitalization Behavior of Their Young Children who Have Experienced Separation,40
How Chemical Reactions Occur,172
Affirmative Reaction,0
The Art of Unit Testing,292
Chemical Reaction Engineering,696
The Imaginal Reaction to Poetry,56
Revolution and Reaction in Modern France,312
The Chain Reaction Theory of Negative Catalysis,116
Studies of the Perkin Reaction,312
The Delayed Reaction in Animals and Children,92
Internal Ionization that Follows a Reaction Between Complex Nuclei,36
Pussywillow,60
"The Russian Army and the Jewish Population, 1914–1917",319
Proceedings of the 11th International Conference on Nuclear Reaction Mechanisms,666
Reaction Dynamics (Volume 2).,Not available
IUPAC Compendium of Chemical Terminology,Not available
D3. Js in Action,375
Greeting Behind Closed Elevator Doors. A Taboo Breaking Observation Study,22
Vue.js in Action,375
React Native Cookbook,437
Food and the Gut Reaction,143
Planung der Migration eines Content-Management-Systems auf die JavaScript-Softwarebibliothek React,Not available
Analysis of the Market Reaction Time to Unanticipated Events,64
Async JavaScript,147
ChemReact41/InfoChem,100
The Reaction of Zirconium Metal Surfaces with Oxygen,30
The Reactions of Metals,54
Reaction of Oxygen Atoms with Acetylene to Form Ketene,1
"Study of the Reaction Dynamics of Li + HF, HCl by the Crossed Molecular Beams Method",76
Equilibria and Kinetics of the Reaction of Phosgene with Thorium Oxide,34
Handbook of Damage Mechanics,1579
Monetary Policy Reaction Functions and Sterilization Policies,38
New Discoveries on the β-Hydride Elimination,133
How the Earth's Plate Tectonic Cycle Works,90
House of Hades,Not available
Seven Databases in Seven Weeks,360
Learning Angular,616
Object Design Style Guide,393
Conduction of Electricity Through Gases,518
Modern Java in Action,0
The Logic of Chemical Synthesis,436
The Method of Fluxions and Infinite Series,374
Beginning Progressive Web App Development,268
Mastering Kafka Streams and ksqlDB,435
Green Chemistry,0
Ubuntu Unleashed,912
The Unicorn Project,352
Vue.js 2 Web Development Projects,391
AI and Machine Learning for Coders,393
C4 Plant Biology,596
Old Man's War: Book 1,307
Secret of the Unicorn,0
Python for DevOps,480
Competition Science Vision,152
Anger and Aggression,402
Getting to Know Vue.js,Not available
Testing Vue.js Applications,417
Elon Musk,402
Physics for Scientists and Engineers,1365
Hatching Twitter,319
Testing Web APIs,262
"Write Great Code, Volume 1",461
Pandas Workout,438
Google Anthos in Action,494
Mastering Vue. Js,362
Six Easy Pieces,176
Algorithms in C++,1
LIFE,142
Competition Science Vision,160
Sustainable Development and Innovation in the Energy Sector,288
Competition Science Vision,152
Current Organic Chemistry,118
LIFE,172
Other Colors,585
The 7 Habits Of Highly Effective Teens,288
Bulletin of the Atomic Scientists,32
Bulletin of the Atomic Scientists,32
Competition Science Vision,136
Current Medicinal Chemistry,96
Bulletin of the Atomic Scientists,80
Competition Science Vision,136
Off Armageddon Reef,620
Bulletin of the Atomic Scientists,72
Competition Science Vision,136
Bulletin of the Atomic Scientists,32
Bulletin of the Atomic Scientists,32
Competition Science Vision,136
Competition Science Vision,136
Competition Science Vision,136
Bulletin of the Atomic Scientists,40
Jet,48
Biology,Not available
Ebony,144
Competition Science Vision,136
Competition Science Vision,136
Competition Science Vision,136
Campbell Biology,Not available
Bulletin of the Atomic Scientists,48
Campbell Biology,Not available
Introduction to Objectivist Epistemology,0
Jet,48
Bulletin of the Atomic Scientists,64
Competition Science Vision,136
Competition Science Vision,136
"Proceedings of the Estonian Academy of Sciences, Chemistry",48
Bulletin of the Atomic Scientists,28
Competition Science Vision,136
Competition Science Vision,136
Competition Science Vision,136
Competition Science Vision,154
Biology,86
Competition Science Vision,144
Competition Science Vision,136
Jet,64
Competition Science Vision,136
Competition Science Vision,136
Competition Science Vision,136
Competition Science Vision,136
Competition Science Vision,136
Bulletin of the Atomic Scientists,32
Competition Science Vision,136
Competition Science Vision,136
Popular Mechanics,312
Jet,64
Popular Science,102
A Greek-English Lexicon,0
McGraw-Hill Encyclopedia of Science & Technology,Not available
International Review of Cytology,296
